text,sentiment
enjoying a beautiful day at the park,positive
traffic was terrible this morning,negative
just finished an amazing workout,positive
excited about the upcoming weekend getaway,positive
feeling grateful for the little things in life,positive
rainy days call for cozy blankets and hot cocoa,positive
the new movie release is a must watch,positive
political discussions heating up on the timeline,negative
just published a new blog post check it out,positive
feeling a bit under the weather today,negative
exploring the city's hidden gems,positive
new year new fitness goals,positive
reflecting on the past and looking ahead,positive
just adopted a cute furry friend,positive
late night gaming session with friends,positive
winter blues got me feeling low,negative
sipping coffee and enjoying a good book,positive
exploring the world of virtual reality,positive
productive day ticking off my to do list,positive
just finished a challenging workout routine,positive
celebrating a milestone at work,positive
sunday brunch with friends,positive
learning a new language for personal growth,positive
quiet evening with a good book,positive
reflecting on the importance of mental health,positive
new painting in progress,positive
weekend road trip to explore scenic views,positive
enjoying a cup of tea and watching the sunset,positive
coding a new project with enthusiasm,positive
feeling inspired after attending a workshop,positive
winter sports day at the local park,positive
quality time with family this weekend,positive
attending a live music concert tonight,positive
practicing mindfulness with meditation,positive
trying out a new dessert recipe,positive
excited about the upcoming gaming tournament,positive
planning a garden makeover for spring,positive
celebrating a friend's birthday tonight,positive
feeling accomplished after a productive day,positive
a cozy evening with a good movie,positive
exploring local art galleries this weekend,positive
new book release from my favorite author,positive
attending a virtual reality meetup,positive
reflecting on the beauty of nature,positive
cooking a special dinner for loved ones,positive
feeling optimistic about the week ahead,positive
starting a new fitness challenge tomorrow,positive
sunday bike ride through scenic trails,positive
can't believe the injustice happening in our society,negative
feeling a sense of fear after watching a thriller movie,negative
heartbroken after hearing the news about a natural disaster,negative
the state of the world's environment is just disgusting,negative
pure happiness celebrating a loved one's achievement,positive
laughter is the best medicine enjoying a comedy show,positive
sharing love and positive vibes with everyone,positive
an amusing incident brightened up my day,positive
enjoying a quiet evening with a book and some tea,positive
admiring the beauty of nature during a peaceful hike,positive
sending affectionate vibes to all my followers,positive
experiencing awe at the breathtaking sunset,positive
disappointed with the service at a local restaurant,negative
finding acceptance in the midst of life's challenges,positive
overflowing with adoration for my adorable pet,positive
anticipating a thrilling adventure in the coming weeks,positive
a bitter experience turned into a valuable lesson,negative
finding calmness in the midst of a busy day,positive
excitement building up for the upcoming vacation,positive
kindness witnessed today restored my faith in humanity,positive
pride in achieving a personal milestone,positive
a moment of shame for not standing up against injustice,negative
fuming with anger after a heated argument,negative
the fear of the unknown is keeping me up at night,negative
heartfelt sadness after bidding farewell to a dear friend,negative
the state of corruption in our society is utterly disgusting,negative
overflowing happiness welcoming a new family member,positive
laughter is the key to joy attending a stand up comedy show,positive
sending love to all my followers on this beautiful day,positive
amused by the antics of my pet it's pure amusement,positive
enjoying every moment of this trip pure enjoyment,positive
admiring the dedication of volunteers at a local charity,positive
sending affectionate vibes to friends and family,positive
awe struck by the beauty of the night sky,positive
disappointed with the lack of progress in a personal project,negative
embracing acceptance of life's ups and downs,positive
overflowing adoration for a cute rescue puppy,positive
anticipating the release of a much awaited movie,positive
bitter experience at the customer service department,negative
finding calmness amidst the chaos of daily life,positive
excitement building up for a surprise birthday party,positive
witnessed an act of kindness that made my day,positive
pride in completing a challenging fitness challenge,positive
a moment of shame for not speaking up against injustice,negative
reflecting on the beauty of diversity in our world,positive
excitement for a quiet evening with a good book,positive
feeling bitter about the unfairness in the workplace,negative
calmness prevails as i practice mindfulness,positive
excitement for a weekend road trip to explore new places,positive
kindness witnessed today restores my faith in humanity,positive
pride in accomplishing personal and professional goals,positive
shame for not being true to my values in a difficult situation,negative
revisiting old memories feeling a sense of elation,positive
the victory of our team brought euphoria to the city,positive
embracing the beauty of nature a moment of contentment,positive
meditating by the serene lake finding inner peace,positive
overflowing with gratitude for life's blessings,positive
hopeful for a brighter tomorrow despite challenges,positive
empowered to make a difference in my community,positive
compassion in action supporting a local charity event,positive
a moment of tenderness connecting with loved ones,positive
arousal of excitement as i await a special announcement,positive
enthusiastically diving into a new project,positive
feeling a sense of fulfillment after reaching a milestone,positive
reverence for the beauty of a historic landmark,positive
elation after a surprise reunion with old friends,positive
the euphoria of a live music concert under the stars,positive
contentment in the simplicity of a quiet sunday,positive
serenity found in the pages of a favorite book,positive
gratitude for the support received during tough times,positive
hopeful about the possibilities of a new journey,positive
empowerment through learning and personal growth,positive
compassion towards those in need during the holidays,positive
tenderness in the warmth of a cozy winter evening,positive
arousal of excitement for an upcoming adventure,positive
enthusiasm for a creative project in the making,positive
fulfillment in completing a challenging workout routine,positive
reverence for the artistry displayed in a museum,positive
elation after achieving a personal goal,positive
elation over discovering a hidden gem in the city,positive
the euphoria of a surprise birthday celebration,positive
contentment in the simplicity of a home cooked meal,positive
serenity found in the melody of a peaceful piano,positive
gratitude for the supportive community around me,positive
hopeful about the prospects of a new business venture,positive
empowerment through mentoring and guiding others,positive
compassion shown through acts of kindness in the community,positive
tenderness in a heartfelt message to a loved one,positive
arousal of excitement before a much awaited trip,positive
enthusiasm for a new artistic project in the works,positive
feeling a sense of fulfillment after helping others,positive
reverence for the historical significance of a landmark,positive
elation after achieving a fitness milestone,positive
the euphoria of a successful product launch,positive
contentment in the embrace of a loved one,positive
serenity found in the beauty of a sunset by the sea,positive
gratitude for the small joys that each day brings,positive
hopeful about the potential for personal growth,positive
empowerment through learning a new skill,positive
compassion in volunteering for a local charity,positive
tenderness in a quiet moment shared with a pet,positive
arousal of excitement for an upcoming festival,positive
enthusiasm for a diy home improvement project,positive
fulfillment in completing a challenging puzzle,positive
reverence for the wonders of nature on a hiking trail,positive
elation after a surprise reunion with a childhood friend,positive
suffering from despair after another setback,negative
overwhelmed by grief missing a loved one dearly,negative
loneliness creeps in as the night grows colder,negative
jealousy consumes me as i witness others' success,negative
resentment building up over past betrayals,negative
frustration mounts as obstacles block my path,negative
anxiety grips my heart worry clouds my thoughts,negative
regret over missed opportunities haunts my thoughts,negative
disgust at the sight of injustice and cruelty,negative
drowning in despair hope slipping through my fingers,negative
grief weighs heavy tears a constant companion,negative
loneliness in a crowded room a silent cry for connection,negative
jealousy gnaws at my confidence a toxic emotion,negative
resentment festers poisoning relationships,negative
frustration boils over a volcanic eruption of emotions,negative
anxiety grips my chest a relentless grip on my thoughts,negative
regret for decisions that led to a painful present,negative
disgust at the corruption that stains society,negative
sinking in despair each day darker than the last,negative
grief overwhelms a storm of emotions within,negative
loneliness echoes in empty spaces yearning for connection,negative
jealousy poisons my thoughts resentment brewing within,negative
resentment festers a wound that refuses to heal,negative
frustration escalates a thunderstorm of emotions,negative
embarking on a journey of discovery fueled by curiosity and a thirst for knowledge,positive
embracing the ebb and flow of life finding acceptance in the dance of existence,positive
serenity found in the stillness of nature a tranquil retreat from the chaos of the modern world,positive
curiosity leading me down the rabbit hole of knowledge a perpetual student in life's classroom,positive
embracing the flaws finding acceptance in imperfection a journey towards self love,positive
tranquil moments by the ocean serenity washing over a peaceful retreat within the waves' embrace,positive
exploring new horizons with the spark of curiosity an adventurer in the vast landscape of knowledge,positive
embracing life's imperfections finding acceptance in the journey scars and all,positive
basking in the serenity of a quiet forest where the whispers of nature bring peace to the soul,positive
embracing imperfections finding acceptance in the mosaic of life's beautiful chaos,positive
seeking serenity in the melody of raindrops a tranquil escape from the noise of everyday life,positive
curiosity driving the exploration of the unknown a seeker of knowledge in uncharted territories,positive
embracing the beauty in imperfections finding acceptance in the mosaic of life's unpredictable art,positive
immerse in the serenity of a moonlit night where the quiet whispers of nature bring peace to the soul,positive
fueled by curiosity venturing into uncharted realms a fearless explorer of the mysteries of the world,positive
basking in the golden glow of contentment a serene river flowing through the landscape of the heart,positive
gazing towards the horizon with hopeful eyes painting a canvas of dreams illuminated by the sun of optimism,positive
compassionate clouds heavy with care showering empathy on the parched grounds of human suffering,positive
navigating the sea of hope sailing towards the sunrise of possibilities confident in the ship of positive anticipation,positive
lost in the symphony of the night a moonlit serenade that whispers tales of wanderlust and moonlit dreams,positive
unveiling the layers of curiosity a labyrinth of questions leading to the treasure troves of undiscovered knowledge,positive
a compassionate rain tears of empathy falling gently nurturing the seeds of kindness in the garden of human connections,positive
embraced by the hopeful dawn a gardener sowing seeds of optimism tending to the blooms of a brighter tomorrow,positive
navigating the river of contentment a serene boat cruise through the tranquil waters of inner peace and acceptance,positive
hopeful whispers of wind carrying the promises of a brighter tomorrow a symphony of optimism in the air of possibilities,positive
charting a course through the waves of hopeful anticipation a sailor steering towards the shores of dreams yet unexplored,positive
a compassionate rain tears of empathy falling gently nurturing the seeds of kindness in the garden of human connections,positive
embraced by the hopeful dawn a gardener sowing seeds of optimism tending to the blooms of a brighter tomorrow,positive
navigating the river of contentment a serene boat cruise through the tranquil waters of inner peace and acceptance,positive
hopeful whispers of wind carrying the promises of a brighter tomorrow a symphony of optimism in the air of possibilities,positive
charting a course through the waves of hopeful anticipation a sailor steering towards the shores of dreams yet unexplored,positive
a compassionate rain tears of empathy falling gently nurturing the seeds of kindness in the garden of human connections,positive
embraced by the hopeful dawn a gardener sowing seeds of optimism tending to the blooms of a brighter tomorrow,positive
drowning in the abyss of despair a heart shattered into fragments lost in the echoing silence of hopelessness,negative
bitterness festering like a venomous vine entwining the soul in a web of resentment poisoning the garden of peace,negative
wandering through the desert of loneliness each step a heavy sigh mirages of connection shimmering but never materializing,negative
eyes wide open in the night fearful shadows dancing on the walls the mind a prisoner of imagined horrors,negative
overwhelmed by the weight of the world atlas with trembling shoulders each responsibility a boulder in the landscape of exhaustion,negative
jealousy a green eyed monster lurking in the shadows casting a dark cloud over the sunshine of others' success,negative
loneliness a silent companion in the night the only echo in the chamber of solitude a heart's solitary nocturne,negative
fearful whispers in the dark the mind haunted by the specter of the unknown shadows dancing to the rhythm of anxiety's tune,negative
bitterness a bitter aftertaste lingering on the tongue each word a reminder of wounds that refuse to heal with the passing of time,negative
overwhelmed by the cacophony of expectations a drowning soul in the tempest of pressure struggling to stay afloat,negative
jealousy a venom that seeps through the veins poisoning the heart and turning it into a breeding ground for discontent,negative
despair like a heavy fog enveloping every thought blurring the path ahead a journey in the labyrinth of utter hopelessness,negative
bitterness a bitter chill in the air freezing moments into icicles of resentment that dangle precariously over the landscape of memory,negative
loneliness a solitary moon in a starless sky casting a cold glow on the landscape of isolation where echoes bounce in empty spaces,negative
fearful eyes scanning the shadows a prisoner of the night terrorized by the lurking monsters born from the mind's darkest corners,negative
overwhelmed by the maze of expectations a minotaur of pressure lurking in the labyrinth waiting to devour the spirit of resilience,negative
jealousy a festering wound the pain intensifying with each glance at the garden of others' achievements blooming beyond the fence,negative
loneliness a silent companion in the night the only echo in the chamber of solitude a heart's solitary nocturne,negative
awe struck by the breathtaking sunrise over the mountains,positive
calmness found in the rhythm of raindrops on the windowpane,positive
overwhelmed by the support received during a personal challenge,negative
excitement builds as the countdown to a long awaited vacation begins,positive
reflecting on life's journey grateful for the lessons learned,positive
bittersweet emotions arise while bidding farewell to a dear friend,negative
curiosity sparked by exploring a mysterious ancient ruin,positive
admiration for the intricate details of a handcrafted masterpiece,positive
overjoyed by the warmth of a cozy fireplace on a winter evening,positive
inspiration strikes while observing the colors of a vibrant sunset,positive
gratitude for the simple joys found in a cup of morning coffee,positive
feeling empowered after conquering a challenging hiking trail,positive
amused by the antics of playful kittens during playtime,positive
joyful reunion with long lost friends after years of separation,positive
excitement builds while preparing for a surprise celebration,positive
satisfaction derived from successfully completing a diy project,positive
captivated by the serenity of a tranquil garden in full bloom,positive
anticipation for an upcoming adventure in an exotic destination,positive
contentment in the midst of a family gathering filled with laughter,positive
enthusiasm for learning new skills and expanding knowledge,positive
wonderment at the beauty of a double rainbow after the rain,positive
optimism for a bright future amidst challenging times,positive
pride in achieving a personal milestone in career progression,positive
happiness blooms like flowers in a garden on a sunny day,positive
elation over discovering a rare book in a quaint bookstore,positive
curiosity piqued by the mysteries of an ancient archaeological site,positive
giggles and joy echo in the air during a children's playdate,positive
a sense of wonder at the vastness of the cosmos on a stargazing night,positive
whispers of inspiration from the rustling leaves in a serene forest,positive
heartfelt gratitude for the laughter shared during a family reunion,positive
euphoria floods in as the final puzzle piece clicks into place,positive
awe inspired by the grandeur of an ancient cathedral's intricate architecture,positive
joyful laughter resonates through a lively summer carnival,positive
awe inspired by the vastness of the cosmos on a stargazing night,positive
whispers of inspiration from the rustling leaves in a serene forest,positive
heartfelt gratitude for the laughter shared during a family reunion,positive
euphoria floods in as the final puzzle piece fits perfectly,positive
awe struck by the grandeur of an ancient cathedral's intricate architecture,positive
curiosity awakened by the mysteries of an ancient archaeological site,positive
giddy with excitement as the first snowflakes dance from the sky,positive
contentment envelops as the aroma of freshly baked bread fills the air,positive
imbued with gratitude for the simple pleasure of a warm cup of tea,positive
awash with serenity as the sun sets over a tranquil lakeside retreat,positive
drowning in sorrow as memories of lost love resurface,negative
numbness sets in as the weight of loneliness grows heavier,negative
tears fall like raindrops mourning the end of a cherished friendship,negative
despair clouds the mind feeling adrift in an endless sea of darkness,negative
haunted by regrets the ghost of the past lingers relentlessly,negative
torn apart by grief the echoes of loss reverberate through the soul,negative
isolation deepens an emotional winter where warmth is but a distant memory,negative
painful echoes of a love once cherished now lost in the abyss of time,positive
heartache deepens a solitary journey through the abyss of despair,negative
bitterness like a poison seeping into every crevice of the wounded heart,negative
avoiding the thorns of regret walking barefoot on the path of remorse,negative
in the labyrinth of grief the walls echo with the footsteps of lost joy,negative
a soul adrift in the sea of solitude waves of loneliness crashing relentlessly,negative
the bitterness of betrayal a taste that lingers staining the palate of trust,negative
sinking like a stone in the ocean of heartbreak each ripple a sigh of despair,negative
tears the ink staining the pages of a journal a testament to silent grief,negative
suffocating in the silence of solitude where echoes of laughter once thrived,negative
haunted by the specter of lost possibilities a ghost that refuses to fade away,negative
in the labyrinth of despair the echoes of a broken heart reverberate endlessly,negative
tears the currency of grief spent in the marketplace of lost love and longing,negative
a soul weathered by the storm of heartbreak seeking refuge in the calm after,negative
in the tapestry of despair threads of hope unravel leaving a portrait of sorrow,negative
in the symphony of grief each tear is a note composing a melancholic melody,negative
sinking in the quicksand of despair the harder you fight the deeper you descend,negative
swept away by the river of regret the currents of the past refusing to release,negative
dancing on sunshine each step a celebration of the joy found in simple moments,positive
laughter echoes in the air a chorus of happiness that lifts the spirit higher,positive
in the garden of contentment each bloom whispers tales of inner peace and joy,positive
chasing dreams under the vibrant sky a journey fueled by hope and enthusiasm,positive
serenading the stars with a heart full of gratitude a melody of thankfulness,positive
overflowing with joy a cup of laughter shared with friends a moment cherished,positive
draped in the warmth of kindness a quilt of compassion stitched with love,positive
in the embrace of love each heartbeat is a melody dancing to the rhythm of affection,positive
surrounded by the colors of joy a canvas painted with laughter and endless smiles,positive
in the symphony of excitement each note is a burst of energy igniting the soul with fervor,positive
lost in the maze of curiosity each twist and turn unveils the treasures of discovery,positive
floating on clouds of gratitude each raindrop a blessing a shower of thankfulness,positive
like a comet of inspiration streaking through the sky of creativity leaving trails of brilliance,positive
a symphony of laughter each note a key to unlocking the door of boundless happiness,positive
exploring the wonders of ferrari world the roar of engines creating a symphony of speed,positive
amidst the tulip fields of keukenhof a tapestry of colors that paints the soul with springtime joy,positive
in the embrace of the grand canyon nature's masterpiece a moment to marvel at earth's grandeur,positive
journeying through the serenity of santorini where each sunset paints the sky with hues of tranquility,positive
at the summit of machu picchu a breathtaking panorama that whispers the secrets of ancient civilizations,positive
in the heart of new york city times square dazzles with lights a vibrant spectacle of urban energy,positive
sailing the azure waters of the maldives each wave a whisper of serenity in paradise,positive
in the midst of the amazon rainforest a symphony of wildlife creates an orchestra of nature's wonders,positive
walking the great wall of china each step a testament to ancient engineering marvels,positive
swaying to ed sheeran's acoustic melodies a serene evening filled with 'perfect' moments,positive
immersed in the pulsating beats of a bruno mars concert where 'uptown funk' becomes a city of joy,positive
experiencing the magic of a coldplay concert where 'fix you' becomes a beacon of hope in the night,positive
at a justin bieber concert the infectious beats of 'baby' create a dance floor of unbridled enthusiasm,positive
in the audience of a jay z performance the lyrics of 'empire state of mind' become an anthem of pride,positive
at a u2 concert the anthemic chords of 'with or without you' create a timeless moment of connection,positive
in the crowd of an ariana grande concert the high notes of 'into you' create a euphoric symphony,positive
captivated by the spellbinding plot twists the audience applauds experiencing a rollercoaster of emotions at the movie premiere,positive
at the film festival the indie filmmaker's creation receives a standing ovation evoking pride and a sense of accomplishment,positive
at the oscars the actor graciously accepts an award radiating joy and gratitude for the recognition of their outstanding performance,positive
discovering a hidden gem in the world of documentaries the viewer is enlightened and inspired feeling a renewed sense of curiosity,positive
as the closing scene unfolds a sense of satisfaction washes over completing the cinematic journey with a profound and fulfilling ending,positive
celebrating a historic victory in the world cup the nation erupts in joy united by the triumph of their football team,positive
at the olympics the athlete's perseverance shines through earning a gold medal and inspiring a generation with their remarkable achievement,positive
in the cricket championship a nail biting finish leaves fans on the edge of their seats experiencing a rollercoaster of emotions,positive
witnessing a record breaking marathon spectators are filled with awe and admiration for the endurance and dedication of the runners,positive
at the golf tournament the golfer's precision and focus lead to a stunning victory leaving spectators in awe of their exceptional skill,positive
in the tennis tournament a highly anticipated player experiences a setback leaving fans in shock and questioning the unforeseen turn of events,negative
in the midst of a soccer match an unexpected own goal creates a moment of despair for the player as teammates console and encourage them,negative
embracing the aroma of freshly baked bread the home chef finds joy in the art of baking creating delicious memories for loved ones,positive
at the astronomy observatory the stargazer marvels at the vastness of the cosmos contemplating the mysteries hidden within the celestial expanse,positive
engulfed in the aroma of freshly brewed coffee the writer finds inspiration in every sip embarking on a journey of creativity and prose,positive
successfully avoided eye contact with my crush in the hallway mission accomplished teencrush stealthmode,positive
spent an hour choosing the perfect filter for a selfie the struggle for that instagram aesthetic is real selfiequeen teenvibes,positive
lost my headphones again how do they vanish into thin air headphonemystery teenlife,negative
survived a group project without any drama miracles do happen groupprojectsuccess teenachievements,positive
entered the kitchen with the intention to cook left with a bag of chips cooking is overrated anyway masterchefintraining teenhumor,negative
discovered a new book series and spent the whole night reading who needs sleep anyway bookwormlife latenightreading,positive
bought a new video game played for hours forgot to eat the ultimate gaming session gamerlife nofoodgaming,positive
spent the day binge watching a new series productivity level zero lazyday tvseriesmarathon,positive
caught up on the latest fashion trends and now planning a shopping spree fashionista trendyteen,positive
decided to learn a new instrument day one still trying to figure out how to hold it musicnovice learningjourney,negative
spent hours creating the perfect playlist for every mood music is my therapy playlistmaker teenmusiclover,positive
successfully cooked a gourmet meal for the family chef skills unlocked chefmode teenchef,positive
spontaneously booked a weekend getaway adventure awaits travelbug weekendescape,positive
attended a concert and danced the night away music is the heartbeat of life concertvibes danceallnight,positive
rediscovered childhood cartoons and had a nostalgia filled marathon cartoonnostalgia teenmemories,positive
embarked on a diy home decor project let's hope it turns out better than last time diyadventure teenhomedecor,positive
spent the afternoon at a museum pretending to be cultured art enthusiast in the making museumday teenartlover,positive
started a blog about random thoughts and musings blogging is the new diary bloggerlife teenblogger,positive
relishing a peaceful afternoon with a classic novel quiet moments are the best moments booklover peacefulafternoon,positive
reflecting on a lifetime of memories each wrinkle tells a story embracing the beauty of aging lifereflections beautyinaging,positive
exploring the world of digital art it's never too late to discover new passions digitalartistry latebloomer,positive
savoring the flavors of a home cooked meal simple joys are the heart of happiness homecooking simplejoys,positive
embarking on a journey of learning a new language the mind stays young with every new word languagelearning nevertoolate,positive
attended a classical music concert feeling the timeless melodies resonate music transcends generations classicalmusic timelessmelodies,positive
capturing the beauty of nature through photography every snapshot is a treasure naturephotography seniorphotographer,positive
reconnecting with old friends over a cup of tea friendship the true essence of companionship oldfriends companionship,positive
embarked on a road trip to revisit cherished places from the past nostalgia the ultimate travel companion roadtrip nostalgiatour,positive
joined a community choir harmonizing with fellow voices music creates bonds that withstand time communitychoir harmonyinaging,positive
exploring the art of meditation finding tranquility in the stillness of the mind meditationjourney tranquilmind,positive
taking a stroll in the garden appreciating the beauty of blooming flowers nature's wonders never cease gardenwalk floralbeauty,positive
sipping on a favorite vintage wine each sip telling a story of the years gone by cheers to a life well lived winelover vintagecheers,positive
participated in a community art class unleashing creativity in the golden years art has no age limit artclass seniorartistry,positive
embarking on a journey of writing a memoir documenting a lifetime of experiences every story matters memoirwriting seniorstories,positive
attended a lecture on history always fascinated by the lessons from the past learning is a lifelong adventure historylecture seniorlearning,positive
rediscovered the joy of cooking traditional family recipes the kitchen a place of cherished memories familyrecipes seniorcooking,positive
joined a nature photography club capturing the beauty of the great outdoors every click is a connection to nature naturephotography seniorphotographer,positive
attended a jazz concert and swayed to the rhythm of timeless tunes music a constant companion in the golden years jazzconcert seniormusic,positive
joined a writing group penning down thoughts and reflections writing a journey into the depths of the soul writinggroup seniorwriter,positive
embarked on a solo travel adventure discovering the beauty of new places at my own pace solotravel seniorexplorer,positive
attended a vintage car show reminiscing about the classics that once ruled the roads nostalgia in every rev vintagecars classicrides,positive
started a community garden growing not just plants but friendships too green thumbs unite communitygarden seniorgardener,positive
hosted a family dinner where laughter echoed louder than the clinking of utensils family the heart of happiness familydinner seniorhost,positive
enrolled in a dance class for seniors moving to the rhythm of life age is just a number on the dance floor danceclass seniordancer,positive
visited an art gallery appreciating the brushstrokes that tell tales of creativity art an eternal companion artgallery seniorartlover,positive
started a book club for seniors where discussions are as lively as the characters in the novels bookclub seniorreaders,positive
hosted a picnic in the park basking in the warmth of friendship and sunshine simple joys timeless memories parkpicnic seniorjoy,positive
participated in a local theater production proving that the stage belongs to every age theaterproduction senioractor,positive
embarked on a hiking adventure conquering trails and relishing the beauty of nature age is just a number on the mountaintop hikingadventure seniorhiker,positive
hosted a photography exhibition featuring snapshots of a life well lived every photo has a story to tell photographyexhibition seniorphotographer,positive
joined a seniors' cycling club feeling the wind in my hair and the freedom of the open road cyclingclub seniorcyclist,positive
attended a wine tasting event savoring the richness of flavors that age like fine wine cheers to the golden years winetasting seniorwinelover,positive
started learning ballroom dancing gliding gracefully across the dance floor ageless elegance in every step ballroomdancing seniordancer,positive
organized a community painting event turning blank canvases into a masterpiece of shared creativity paintingevent seniorartist,positive
hosted a 'memory lane' evening with old friends reminiscing about the adventures that shaped our lives memorylane seniorreminiscing,positive
joined a seniors' astronomy club stargazing and finding wonder in the vastness of the cosmos astronomyclub seniorstargazer,positive
attended a local jazz festival tapping toes to the tunes that have stood the test of time music a lifelong love affair jazzfestival seniormusiclover,positive
started a blog sharing the wisdom gained through the years proving that every day is a chance to learn and grow seniorwisdom blog,positive
participated in a charity run proving that age is no barrier to supporting meaningful causes charityrun seniorrunner,positive
survived a challenging physics exam equations you won't defeat me,positive
exploring the world of coding debugging is an adventure on its own codingjourney highschoolcoder,positive
joined the school debate team words are my weapons and i'm ready for battle,positive
started a photography club at school capturing moments one snapshot at a time,positive
daydreaming about the upcoming prom the dress the dance it's a fairytale in the making,positive
convinced the teacher to have class outdoors learning equations with a side of fresh air,positive
trying to master the perfect kickflip on my skateboard skating into the weekend like a pro,positive
bonding with friends over the latest k pop sensation fangirling at its finest,positive
spent hours perfecting a chemistry experiment mixing potions like a wizard,positive
successfully organized a surprise birthday party for a friend party planning expert mode achieved,positive
joined the drama club to unleash my inner actor lights camera action,positive
got my hands on the latest fantasy novel diving into realms of magic and adventure,positive
mastering the art of the perfect doodle during boring classes doodles a,positive
attempting to break the school record for the longest handstand wish me luck,positive
hosting a sleepover with friends this weekend preparing for a night of laughter and memories,positive
mastered the art of creating paper airplanes during lecture paper planes soaring to new heights,positive
trying to set a new trend by juggling textbooks between classes academic juggling a unique skill,positive
planning a surprise scavenger hunt for friends anticipating the thrill and excitement,positive
danced in the rain to celebrate the end of exams rain dance unexpectedly refreshing,positive
perfecting the art of creating origami during a dull lecture origami mastery a,positive
attempting to set a new record for the most consecutive hacky sack kicks hacky sack skills unleashed,positive
creating a secret handshake with friends friendship level expert,positive
embarking on a mission to find the best burger joint in town burger connoisseur reporting for duty,positive
practicing a stand up comedy routine for the upcoming talent show comedy gig in the making,positive
attempting to impress the teacher with an elaborate science experiment science geek mode activated,positive
crafting intricate friendship bracelets for the whole squad friendship level expert weaver,positive
attempting to beat the record for the most consecutive cartwheels cartwheel challenge underway,positive
organizing a movie marathon with friends popcorn and cinematic adventures await,positive
experimenting with a new hair color a bold change for a bold semester,positive
building a time capsule to capture memories for the future time traveling emotions,positive
trying out a new smoothie recipe for a healthy start to the week smoothie enthusiast level up,positive
reflecting on the challenges of the school year feeling a bit overwhelmed with assignments,negative
feeling down after not making the sports team disappointment lingers,negative
dealing with a personal setback sometimes life throws unexpected challenges,negative
feeling lonely on a saturday night sometimes solitude hits harder than expected,negative
missing an important event due to unforeseen circumstances a day filled with sadness,negative
feeling a sense of emptiness after a close friend moves away farewells are always sad,negative
facing rejection from a dream college disheartened but determined to explore other paths,negative
feeling a sense of despair after a major project failure hard work didn't pay off this time,negative
missing out on a long anticipated event due to unexpected circumstances a day filled with sadness,negative
celebrating a friend's birthday with a surprise party joyful moments and laughter all around,positive
successfully completing a challenging coding project excitement for overcoming coding hurdles,positive
attending a school talent show to support classmates applauding the diverse talents on display,positive
exploring a new hiking trail with friends over the weekend nature laughter and good vibes,positive
winning a friendly sports competition against rival schools victory celebrations in full swing,positive
receiving a heartfelt letter from a pen pal in another country connecting across the globe,positive
creating a beautiful mural with fellow art enthusiasts the power of collaboration and creativity,positive
participating in a school wide art exhibition witnessing creativity and spreading positive vibes,positive
achieving a personal best in a track and field competition the thrill of victory and self improvement,positive
collaborating on a science project that received recognition at a regional fair science triumphs and smiles,positive
attending a surprise birthday party organized by friends surrounded by love laughter and good company,positive
successfully fundraising for a school charity initiative the joy of giving back to the community,positive
participating in a multicultural festival celebrating diversity with music dance and delicious food,positive
organizing a virtual talent show during challenging times bringing smiles to classmates' faces,positive
